{"schemaVersion":"1.0","appDefinitionTemplate":{"id":"/providers/Microsoft.PowerApps/apps/","type":"Microsoft.PowerApps/apps","tags":{"minimumRequiredApiVersion":"2.2.0"},"properties":{"appVersion":"2020-02-03T09:00:29Z","lifeCycleId":"Published","createdByClientVersion":{"major":3,"minor":20013,"build":29,"revision":0,"majorRevision":0,"minorRevision":0},"minClientVersion":{"major":3,"minor":20013,"build":29,"revision":0,"majorRevision":0,"minorRevision":0},"backgroundColor":"rgba(37, 62, 143, 1)","backgroundImageUri":"/3696694036031580542/Nc4325e7f-8b03-4b66-a0a6-5f10b39f3b4d-logoSmallFile","displayName":"Power Invaders","description":"","commitMessage":"","appUris":{"documentUri":{"value":"/3696694036031580542/Ne0891bdc-59af-4d2a-b1f5-df73fe10b5e3-document.msapp","readonlyValue":"/3696694036031580542/Ne0891bdc-59af-4d2a-b1f5-df73fe10b5e3-document.msapp"},"imageUris":[]},"createdTime":"0001-01-01T00:00:00Z","lastModifiedTime":"0001-01-01T00:00:00Z","sharedGroupsCount":0,"sharedUsersCount":0,"icons":{"smallIconUri":"/3696694036031580542/N4faff121-ab4d-4de8-a9ae-0cd4dc901c36-small.png","mediumIconUri":"/3696694036031580542/N6a5fbc2f-3015-40ed-b42d-4955e5a1d984-medium.png","largeIconUri":"/3696694036031580542/Nb0d13de9-1d04-44ae-b062-d8e7251da3eb-large.png","wideIconUri":"/3696694036031580542/Nbd06eae2-6ea5-40e0-b880-618aa08ab2da-wide.png"},"connectionReferences":{},"databaseReferences":{},"almMode":"Environment","performanceOptimizationEnabled":false,"canConsumeAppPass":true},"isAppComponentLibrary":false,"appComponents":[]}}